ReplicateName	ProteinName	PeptideSequence	PrecursorMz	ProductMz	FragmentIon	Height
Holo_Control_R2 (2)	Myoglobin	GLSDGEWQQVLNVWGK	908.45485	943.535977	y8	36248
Apo_Control_R2 (2)	Myoglobin	GLSDGEWQQVLNVWGK	908.45485	943.535977	y8	21212
Holo_PK_5_R2	Myoglobin	GLSDGEWQQVLNVWGK	908.45485	943.535977	y8	35620
Apo_PK_5_R2	Myoglobin	GLSDGEWQQVLNVWGK	908.45485	943.535977	y8	42916
Holo_Control	Myoglobin	GLSDGEWQQVLNVWGK	908.45485	943.535977	y8	34933
Apo_Control	Myoglobin	GLSDGEWQQVLNVWGK	908.45485	943.535977	y8	19372
Holo_PK_5	Myoglobin	GLSDGEWQQVLNVWGK	908.45485	943.535977	y8	31604
Apo_PK_5	Myoglobin	GLSDGEWQQVLNVWGK	908.45485	943.535977	y8	43072
Holo_Control_R3 (2)	Myoglobin	GLSDGEWQQVLNVWGK	908.45485	943.535977	y8	11698
Apo_Control_R3	Myoglobin	GLSDGEWQQVLNVWGK	908.45485	943.535977	y8	9338
Holo_PK_5_R3	Myoglobin	GLSDGEWQQVLNVWGK	908.45485	943.535977	y8	8766
Apo_PK_5_R3	Myoglobin	GLSDGEWQQVLNVWGK	908.45485	943.535977	y8	16704
Holo_Control_R2 (2)	Myoglobin	GLSDGEWQQVLNVWGK	908.45485	815.4774	y7	39440
Apo_Control_R2 (2)	Myoglobin	GLSDGEWQQVLNVWGK	908.45485	815.4774	y7	22896
Holo_PK_5_R2	Myoglobin	GLSDGEWQQVLNVWGK	908.45485	815.4774	y7	34228
Apo_PK_5_R2	Myoglobin	GLSDGEWQQVLNVWGK	908.45485	815.4774	y7	44236
Holo_Control	Myoglobin	GLSDGEWQQVLNVWGK	908.45485	815.4774	y7	36401
Apo_Control	Myoglobin	GLSDGEWQQVLNVWGK	908.45485	815.4774	y7	20096
Holo_PK_5	Myoglobin	GLSDGEWQQVLNVWGK	908.45485	815.4774	y7	32420
Apo_PK_5	Myoglobin	GLSDGEWQQVLNVWGK	908.45485	815.4774	y7	42100
Holo_Control_R3 (2)	Myoglobin	GLSDGEWQQVLNVWGK	908.45485	815.4774	y7	12689
Apo_Control_R3	Myoglobin	GLSDGEWQQVLNVWGK	908.45485	815.4774	y7	9781
Holo_PK_5_R3	Myoglobin	GLSDGEWQQVLNVWGK	908.45485	815.4774	y7	9577
Apo_PK_5_R3	Myoglobin	GLSDGEWQQVLNVWGK	908.45485	815.4774	y7	17881
Holo_Control_R2 (2)	Myoglobin	GLSDGEWQQVLNVWGK	908.45485	716.408986	y6	75644
Apo_Control_R2 (2)	Myoglobin	GLSDGEWQQVLNVWGK	908.45485	716.408986	y6	39960
Holo_PK_5_R2	Myoglobin	GLSDGEWQQVLNVWGK	908.45485	716.408986	y6	64380
Apo_PK_5_R2	Myoglobin	GLSDGEWQQVLNVWGK	908.45485	716.408986	y6	85668
Holo_Control	Myoglobin	GLSDGEWQQVLNVWGK	908.45485	716.408986	y6	66601
Apo_Control	Myoglobin	GLSDGEWQQVLNVWGK	908.45485	716.408986	y6	38228
Holo_PK_5	Myoglobin	GLSDGEWQQVLNVWGK	908.45485	716.408986	y6	58512
Apo_PK_5	Myoglobin	GLSDGEWQQVLNVWGK	908.45485	716.408986	y6	77748
Holo_Control_R3 (2)	Myoglobin	GLSDGEWQQVLNVWGK	908.45485	716.408986	y6	24275
Apo_Control_R3	Myoglobin	GLSDGEWQQVLNVWGK	908.45485	716.408986	y6	19406
Holo_PK_5_R3	Myoglobin	GLSDGEWQQVLNVWGK	908.45485	716.408986	y6	18395
Apo_PK_5_R3	Myoglobin	GLSDGEWQQVLNVWGK	908.45485	716.408986	y6	32129
Holo_Control_R2 (2)	Myoglobin	GLSDGEWQQVLNVWGK	908.45485	603.324922	y5	71776
Apo_Control_R2 (2)	Myoglobin	GLSDGEWQQVLNVWGK	908.45485	603.324922	y5	38796
Holo_PK_5_R2	Myoglobin	GLSDGEWQQVLNVWGK	908.45485	603.324922	y5	64424
Apo_PK_5_R2	Myoglobin	GLSDGEWQQVLNVWGK	908.45485	603.324922	y5	84100
Holo_Control	Myoglobin	GLSDGEWQQVLNVWGK	908.45485	603.324922	y5	64660
Apo_Control	Myoglobin	GLSDGEWQQVLNVWGK	908.45485	603.324922	y5	37528
Holo_PK_5	Myoglobin	GLSDGEWQQVLNVWGK	908.45485	603.324922	y5	58160
Apo_PK_5	Myoglobin	GLSDGEWQQVLNVWGK	908.45485	603.324922	y5	78692
Holo_Control_R3 (2)	Myoglobin	GLSDGEWQQVLNVWGK	908.45485	603.324922	y5	24019
Apo_Control_R3	Myoglobin	GLSDGEWQQVLNVWGK	908.45485	603.324922	y5	18835
Holo_PK_5_R3	Myoglobin	GLSDGEWQQVLNVWGK	908.45485	603.324922	y5	18313
Apo_PK_5_R3	Myoglobin	GLSDGEWQQVLNVWGK	908.45485	603.324922	y5	29736
Holo_Control_R2 (2)	Myoglobin	GLSDGEWQQVLNVWGK	908.45485	390.21358	y3	125788
Apo_Control_R2 (2)	Myoglobin	GLSDGEWQQVLNVWGK	908.45485	390.21358	y3	71180
Holo_PK_5_R2	Myoglobin	GLSDGEWQQVLNVWGK	908.45485	390.21358	y3	111652
Apo_PK_5_R2	Myoglobin	GLSDGEWQQVLNVWGK	908.45485	390.21358	y3	152824
Holo_Control	Myoglobin	GLSDGEWQQVLNVWGK	908.45485	390.21358	y3	114549
Apo_Control	Myoglobin	GLSDGEWQQVLNVWGK	908.45485	390.21358	y3	68308
Holo_PK_5	Myoglobin	GLSDGEWQQVLNVWGK	908.45485	390.21358	y3	108036
Apo_PK_5	Myoglobin	GLSDGEWQQVLNVWGK	908.45485	390.21358	y3	137264
Holo_Control_R3 (2)	Myoglobin	GLSDGEWQQVLNVWGK	908.45485	390.21358	y3	42631
Apo_Control_R3	Myoglobin	GLSDGEWQQVLNVWGK	908.45485	390.21358	y3	34166
Holo_PK_5_R3	Myoglobin	GLSDGEWQQVLNVWGK	908.45485	390.21358	y3	33294
Apo_PK_5_R3	Myoglobin	GLSDGEWQQVLNVWGK	908.45485	390.21358	y3	55240
Holo_Control	Myoglobin	HGTVVLTALGGILK	460.285405	772.492716	y8	5439
Apo_Control	Myoglobin	HGTVVLTALGGILK	460.285405	772.492716	y8	3135
Holo_PK_5	Myoglobin	HGTVVLTALGGILK	460.285405	772.492716	y8	6476
Apo_PK_5	Myoglobin	HGTVVLTALGGILK	460.285405	772.492716	y8	5734
Holo_Control_R2	Myoglobin	HGTVVLTALGGILK	460.285405	772.492716	y8	4506
Apo_Control_R2	Myoglobin	HGTVVLTALGGILK	460.285405	772.492716	y8	2297
Holo_PK_5_R2	Myoglobin	HGTVVLTALGGILK	460.285405	772.492716	y8	4238
Apo_PK_5_R2	Myoglobin	HGTVVLTALGGILK	460.285405	772.492716	y8	4284
Holo_Control	Myoglobin	HGTVVLTALGGILK	460.285405	671.445037	y7	8678
Apo_Control	Myoglobin	HGTVVLTALGGILK	460.285405	671.445037	y7	5047
Holo_PK_5	Myoglobin	HGTVVLTALGGILK	460.285405	671.445037	y7	10464
Apo_PK_5	Myoglobin	HGTVVLTALGGILK	460.285405	671.445037	y7	9062
Holo_Control_R2	Myoglobin	HGTVVLTALGGILK	460.285405	671.445037	y7	7252
Apo_Control_R2	Myoglobin	HGTVVLTALGGILK	460.285405	671.445037	y7	4004
Holo_PK_5_R2	Myoglobin	HGTVVLTALGGILK	460.285405	671.445037	y7	7259
Apo_PK_5_R2	Myoglobin	HGTVVLTALGGILK	460.285405	671.445037	y7	6741
Holo_Control	Myoglobin	HGTVVLTALGGILK	460.285405	600.407923	y6	13854
Apo_Control	Myoglobin	HGTVVLTALGGILK	460.285405	600.407923	y6	8101
Holo_PK_5	Myoglobin	HGTVVLTALGGILK	460.285405	600.407923	y6	17495
Apo_PK_5	Myoglobin	HGTVVLTALGGILK	460.285405	600.407923	y6	14984
Holo_Control_R2	Myoglobin	HGTVVLTALGGILK	460.285405	600.407923	y6	12147
Apo_Control_R2	Myoglobin	HGTVVLTALGGILK	460.285405	600.407923	y6	6475
Holo_PK_5_R2	Myoglobin	HGTVVLTALGGILK	460.285405	600.407923	y6	11955
Apo_PK_5_R2	Myoglobin	HGTVVLTALGGILK	460.285405	600.407923	y6	10966
Holo_Control	Myoglobin	HGTVVLTALGGILK	460.285405	487.323859	y5	20876
Apo_Control	Myoglobin	HGTVVLTALGGILK	460.285405	487.323859	y5	12769
Holo_PK_5	Myoglobin	HGTVVLTALGGILK	460.285405	487.323859	y5	27322
Apo_PK_5	Myoglobin	HGTVVLTALGGILK	460.285405	487.323859	y5	22783
Holo_Control_R2	Myoglobin	HGTVVLTALGGILK	460.285405	487.323859	y5	19226
Apo_Control_R2	Myoglobin	HGTVVLTALGGILK	460.285405	487.323859	y5	9817
Holo_PK_5_R2	Myoglobin	HGTVVLTALGGILK	460.285405	487.323859	y5	18468
Apo_PK_5_R2	Myoglobin	HGTVVLTALGGILK	460.285405	487.323859	y5	17804
Holo_Control	Myoglobin	HGTVVLTALGGILK	460.285405	430.302396	y4	3093
Apo_Control	Myoglobin	HGTVVLTALGGILK	460.285405	430.302396	y4	1886
Holo_PK_5	Myoglobin	HGTVVLTALGGILK	460.285405	430.302396	y4	3645
Apo_PK_5	Myoglobin	HGTVVLTALGGILK	460.285405	430.302396	y4	3207
Holo_Control_R2	Myoglobin	HGTVVLTALGGILK	460.285405	430.302396	y4	2897
Apo_Control_R2	Myoglobin	HGTVVLTALGGILK	460.285405	430.302396	y4	1448
Holo_PK_5_R2	Myoglobin	HGTVVLTALGGILK	460.285405	430.302396	y4	2608
Apo_PK_5_R2	Myoglobin	HGTVVLTALGGILK	460.285405	430.302396	y4	2507
Holo_Control_R2 (2)	Myoglobin	HPGDFGADAQGAMTK	501.561268	821.382179	y8	2155
Apo_Control_R2 (2)	Myoglobin	HPGDFGADAQGAMTK	501.561268	821.382179	y8	1310
Holo_PK_5_R2	Myoglobin	HPGDFGADAQGAMTK	501.561268	821.382179	y8	2523
Apo_PK_5_R2	Myoglobin	HPGDFGADAQGAMTK	501.561268	821.382179	y8	5310
Holo_Control	Myoglobin	HPGDFGADAQGAMTK	501.561268	821.382179	y8	1793
Apo_Control	Myoglobin	HPGDFGADAQGAMTK	501.561268	821.382179	y8	1583
Holo_PK_5	Myoglobin	HPGDFGADAQGAMTK	501.561268	821.382179	y8	2287
Apo_PK_5	Myoglobin	HPGDFGADAQGAMTK	501.561268	821.382179	y8	5302
Holo_Control_R3 (2)	Myoglobin	HPGDFGADAQGAMTK	501.561268	821.382179	y8	671
Apo_Control_R3	Myoglobin	HPGDFGADAQGAMTK	501.561268	821.382179	y8	361
Holo_PK_5_R3	Myoglobin	HPGDFGADAQGAMTK	501.561268	821.382179	y8	641
Apo_PK_5_R3	Myoglobin	HPGDFGADAQGAMTK	501.561268	821.382179	y8	1367
Holo_Control_R2 (2)	Myoglobin	HPGDFGADAQGAMTK	501.561268	706.355236	y7	3589
Apo_Control_R2 (2)	Myoglobin	HPGDFGADAQGAMTK	501.561268	706.355236	y7	2779
Holo_PK_5_R2	Myoglobin	HPGDFGADAQGAMTK	501.561268	706.355236	y7	4832
Apo_PK_5_R2	Myoglobin	HPGDFGADAQGAMTK	501.561268	706.355236	y7	9774
Holo_Control	Myoglobin	HPGDFGADAQGAMTK	501.561268	706.355236	y7	3206
Apo_Control	Myoglobin	HPGDFGADAQGAMTK	501.561268	706.355236	y7	2512
Holo_PK_5	Myoglobin	HPGDFGADAQGAMTK	501.561268	706.355236	y7	4073
Apo_PK_5	Myoglobin	HPGDFGADAQGAMTK	501.561268	706.355236	y7	8652
Holo_Control_R3 (2)	Myoglobin	HPGDFGADAQGAMTK	501.561268	706.355236	y7	1199
Apo_Control_R3	Myoglobin	HPGDFGADAQGAMTK	501.561268	706.355236	y7	653
Holo_PK_5_R3	Myoglobin	HPGDFGADAQGAMTK	501.561268	706.355236	y7	1011
Apo_PK_5_R3	Myoglobin	HPGDFGADAQGAMTK	501.561268	706.355236	y7	2413
Holo_Control_R2 (2)	Myoglobin	HPGDFGADAQGAMTK	501.561268	635.318122	y6	4111
Apo_Control_R2 (2)	Myoglobin	HPGDFGADAQGAMTK	501.561268	635.318122	y6	3136
Holo_PK_5_R2	Myoglobin	HPGDFGADAQGAMTK	501.561268	635.318122	y6	5293
Apo_PK_5_R2	Myoglobin	HPGDFGADAQGAMTK	501.561268	635.318122	y6	11919
Holo_Control	Myoglobin	HPGDFGADAQGAMTK	501.561268	635.318122	y6	4124
Apo_Control	Myoglobin	HPGDFGADAQGAMTK	501.561268	635.318122	y6	2802
Holo_PK_5	Myoglobin	HPGDFGADAQGAMTK	501.561268	635.318122	y6	5113
Apo_PK_5	Myoglobin	HPGDFGADAQGAMTK	501.561268	635.318122	y6	10362
Holo_Control_R3 (2)	Myoglobin	HPGDFGADAQGAMTK	501.561268	635.318122	y6	1468
Apo_Control_R3	Myoglobin	HPGDFGADAQGAMTK	501.561268	635.318122	y6	759
Holo_PK_5_R3	Myoglobin	HPGDFGADAQGAMTK	501.561268	635.318122	y6	1175
Apo_PK_5_R3	Myoglobin	HPGDFGADAQGAMTK	501.561268	635.318122	y6	3260
Holo_Control_R2 (2)	Myoglobin	HPGDFGADAQGAMTK	501.561268	507.259544	y5	22720
Apo_Control_R2 (2)	Myoglobin	HPGDFGADAQGAMTK	501.561268	507.259544	y5	18355
Holo_PK_5_R2	Myoglobin	HPGDFGADAQGAMTK	501.561268	507.259544	y5	30678
Apo_PK_5_R2	Myoglobin	HPGDFGADAQGAMTK	501.561268	507.259544	y5	63913
Holo_Control	Myoglobin	HPGDFGADAQGAMTK	501.561268	507.259544	y5	20796
Apo_Control	Myoglobin	HPGDFGADAQGAMTK	501.561268	507.259544	y5	16529
Holo_PK_5	Myoglobin	HPGDFGADAQGAMTK	501.561268	507.259544	y5	28735
Apo_PK_5	Myoglobin	HPGDFGADAQGAMTK	501.561268	507.259544	y5	59871
Holo_Control_R3 (2)	Myoglobin	HPGDFGADAQGAMTK	501.561268	507.259544	y5	7551
Apo_Control_R3	Myoglobin	HPGDFGADAQGAMTK	501.561268	507.259544	y5	4114
Holo_PK_5_R3	Myoglobin	HPGDFGADAQGAMTK	501.561268	507.259544	y5	6019
Apo_PK_5_R3	Myoglobin	HPGDFGADAQGAMTK	501.561268	507.259544	y5	17162
Holo_Control_R2 (2)	Myoglobin	ALELFR	374.721238	677.398087	y5	517
Apo_Control_R2 (2)	Myoglobin	ALELFR	374.721238	677.398087	y5	701
Holo_PK_5_R2	Myoglobin	ALELFR	374.721238	677.398087	y5	641
Apo_PK_5_R2	Myoglobin	ALELFR	374.721238	677.398087	y5	731
Holo_Control	Myoglobin	ALELFR	374.721238	677.398087	y5	538
Apo_Control	Myoglobin	ALELFR	374.721238	677.398087	y5	479
Holo_PK_5	Myoglobin	ALELFR	374.721238	677.398087	y5	539
Apo_PK_5	Myoglobin	ALELFR	374.721238	677.398087	y5	848
Holo_Control_R2 (2)	Myoglobin	ALELFR	374.721238	564.314023	y4	10148
Apo_Control_R2 (2)	Myoglobin	ALELFR	374.721238	564.314023	y4	10676
Holo_PK_5_R2	Myoglobin	ALELFR	374.721238	564.314023	y4	11489
Apo_PK_5_R2	Myoglobin	ALELFR	374.721238	564.314023	y4	13144
Holo_Control	Myoglobin	ALELFR	374.721238	564.314023	y4	9531
Apo_Control	Myoglobin	ALELFR	374.721238	564.314023	y4	9938
Holo_PK_5	Myoglobin	ALELFR	374.721238	564.314023	y4	9549
Apo_PK_5	Myoglobin	ALELFR	374.721238	564.314023	y4	13835
Holo_Control_R2 (2)	Myoglobin	ALELFR	374.721238	435.27143	y3	746
Apo_Control_R2 (2)	Myoglobin	ALELFR	374.721238	435.27143	y3	754
Holo_PK_5_R2	Myoglobin	ALELFR	374.721238	435.27143	y3	856
Apo_PK_5_R2	Myoglobin	ALELFR	374.721238	435.27143	y3	825
Holo_Control	Myoglobin	ALELFR	374.721238	435.27143	y3	642
Apo_Control	Myoglobin	ALELFR	374.721238	435.27143	y3	718
Holo_PK_5	Myoglobin	ALELFR	374.721238	435.27143	y3	707
Apo_PK_5	Myoglobin	ALELFR	374.721238	435.27143	y3	946
Holo_Control_R2 (2)	Myoglobin	ALELFR	374.721238	322.187366	y2	6432
Apo_Control_R2 (2)	Myoglobin	ALELFR	374.721238	322.187366	y2	7042
Holo_PK_5_R2	Myoglobin	ALELFR	374.721238	322.187366	y2	7088
Apo_PK_5_R2	Myoglobin	ALELFR	374.721238	322.187366	y2	7839
Holo_Control	Myoglobin	ALELFR	374.721238	322.187366	y2	5932
Apo_Control	Myoglobin	ALELFR	374.721238	322.187366	y2	5454
Holo_PK_5	Myoglobin	ALELFR	374.721238	322.187366	y2	5784
Apo_PK_5	Myoglobin	ALELFR	374.721238	322.187366	y2	8685
Holo_Control_R2 (2)	Myoglobin	GHHEAELKPLAQSHATK	464.245875	855.468292	y8	593
Apo_Control_R2 (2)	Myoglobin	GHHEAELKPLAQSHATK	464.245875	855.468292	y8	415
Holo_PK_5_R2	Myoglobin	GHHEAELKPLAQSHATK	464.245875	855.468292	y8	539
Apo_PK_5_R2	Myoglobin	GHHEAELKPLAQSHATK	464.245875	855.468292	y8	46
Holo_Control	Myoglobin	GHHEAELKPLAQSHATK	464.245875	855.468292	y8	705
Apo_Control	Myoglobin	GHHEAELKPLAQSHATK	464.245875	855.468292	y8	522
Holo_PK_5	Myoglobin	GHHEAELKPLAQSHATK	464.245875	855.468292	y8	565
Apo_PK_5	Myoglobin	GHHEAELKPLAQSHATK	464.245875	855.468292	y8	83
Holo_Control_R3 (2)	Myoglobin	GHHEAELKPLAQSHATK	464.245875	855.468292	y8	96
Apo_Control_R3	Myoglobin	GHHEAELKPLAQSHATK	464.245875	855.468292	y8	164
Holo_PK_5_R3	Myoglobin	GHHEAELKPLAQSHATK	464.245875	855.468292	y8	70
Apo_PK_5_R3	Myoglobin	GHHEAELKPLAQSHATK	464.245875	855.468292	y8	0
Holo_Control_R2 (2)	Myoglobin	GHHEAELKPLAQSHATK	464.245875	742.384228	y7	3652
Apo_Control_R2 (2)	Myoglobin	GHHEAELKPLAQSHATK	464.245875	742.384228	y7	2417
Holo_PK_5_R2	Myoglobin	GHHEAELKPLAQSHATK	464.245875	742.384228	y7	3425
Apo_PK_5_R2	Myoglobin	GHHEAELKPLAQSHATK	464.245875	742.384228	y7	267
Holo_Control	Myoglobin	GHHEAELKPLAQSHATK	464.245875	742.384228	y7	3646
Apo_Control	Myoglobin	GHHEAELKPLAQSHATK	464.245875	742.384228	y7	2329
Holo_PK_5	Myoglobin	GHHEAELKPLAQSHATK	464.245875	742.384228	y7	3185
Apo_PK_5	Myoglobin	GHHEAELKPLAQSHATK	464.245875	742.384228	y7	278
Holo_Control_R3 (2)	Myoglobin	GHHEAELKPLAQSHATK	464.245875	742.384228	y7	416
Apo_Control_R3	Myoglobin	GHHEAELKPLAQSHATK	464.245875	742.384228	y7	573
Holo_PK_5_R3	Myoglobin	GHHEAELKPLAQSHATK	464.245875	742.384228	y7	525
Apo_PK_5_R3	Myoglobin	GHHEAELKPLAQSHATK	464.245875	742.384228	y7	7
Holo_Control_R2 (2)	Myoglobin	GHHEAELKPLAQSHATK	464.245875	671.347114	y6	671
Apo_Control_R2 (2)	Myoglobin	GHHEAELKPLAQSHATK	464.245875	671.347114	y6	454
Holo_PK_5_R2	Myoglobin	GHHEAELKPLAQSHATK	464.245875	671.347114	y6	664
Apo_PK_5_R2	Myoglobin	GHHEAELKPLAQSHATK	464.245875	671.347114	y6	54
Holo_Control	Myoglobin	GHHEAELKPLAQSHATK	464.245875	671.347114	y6	945
Apo_Control	Myoglobin	GHHEAELKPLAQSHATK	464.245875	671.347114	y6	613
Holo_PK_5	Myoglobin	GHHEAELKPLAQSHATK	464.245875	671.347114	y6	719
Apo_PK_5	Myoglobin	GHHEAELKPLAQSHATK	464.245875	671.347114	y6	77
Holo_Control_R3 (2)	Myoglobin	GHHEAELKPLAQSHATK	464.245875	671.347114	y6	120
Apo_Control_R3	Myoglobin	GHHEAELKPLAQSHATK	464.245875	671.347114	y6	201
Holo_PK_5_R3	Myoglobin	GHHEAELKPLAQSHATK	464.245875	671.347114	y6	148
Apo_PK_5_R3	Myoglobin	GHHEAELKPLAQSHATK	464.245875	671.347114	y6	41
Holo_Control_R2 (2)	Myoglobin	GHHEAELKPLAQSHATK	464.245875	319.197596	y3	3145
Apo_Control_R2 (2)	Myoglobin	GHHEAELKPLAQSHATK	464.245875	319.197596	y3	2441
Holo_PK_5_R2	Myoglobin	GHHEAELKPLAQSHATK	464.245875	319.197596	y3	2849
Apo_PK_5_R2	Myoglobin	GHHEAELKPLAQSHATK	464.245875	319.197596	y3	239
Holo_Control	Myoglobin	GHHEAELKPLAQSHATK	464.245875	319.197596	y3	3318
Apo_Control	Myoglobin	GHHEAELKPLAQSHATK	464.245875	319.197596	y3	2352
Holo_PK_5	Myoglobin	GHHEAELKPLAQSHATK	464.245875	319.197596	y3	3002
Apo_PK_5	Myoglobin	GHHEAELKPLAQSHATK	464.245875	319.197596	y3	384
Holo_Control_R3 (2)	Myoglobin	GHHEAELKPLAQSHATK	464.245875	319.197596	y3	404
Apo_Control_R3	Myoglobin	GHHEAELKPLAQSHATK	464.245875	319.197596	y3	724
Holo_PK_5_R3	Myoglobin	GHHEAELKPLAQSHATK	464.245875	319.197596	y3	525
Apo_PK_5_R3	Myoglobin	GHHEAELKPLAQSHATK	464.245875	319.197596	y3	34
Holo_Control_R2 (2)	Myoglobin	LFTGHPETLEK	636.335152	1011.510551	y9	12214
Apo_Control_R2 (2)	Myoglobin	LFTGHPETLEK	636.335152	1011.510551	y9	13335
Holo_PK_5_R2	Myoglobin	LFTGHPETLEK	636.335152	1011.510551	y9	20703
Apo_PK_5_R2	Myoglobin	LFTGHPETLEK	636.335152	1011.510551	y9	38838
Holo_Control	Myoglobin	LFTGHPETLEK	636.335152	1011.510551	y9	14755
Apo_Control	Myoglobin	LFTGHPETLEK	636.335152	1011.510551	y9	12800
Holo_PK_5	Myoglobin	LFTGHPETLEK	636.335152	1011.510551	y9	20297
Apo_PK_5	Myoglobin	LFTGHPETLEK	636.335152	1011.510551	y9	39102
Holo_Control_R3 (2)	Myoglobin	LFTGHPETLEK	636.335152	1011.510551	y9	5566
Apo_Control_R3	Myoglobin	LFTGHPETLEK	636.335152	1011.510551	y9	3886
Holo_PK_5_R3	Myoglobin	LFTGHPETLEK	636.335152	1011.510551	y9	6807
Apo_PK_5_R3	Myoglobin	LFTGHPETLEK	636.335152	1011.510551	y9	16488
Holo_Control_R2 (2)	Myoglobin	LFTGHPETLEK	636.335152	910.462872	y8	5493
Apo_Control_R2 (2)	Myoglobin	LFTGHPETLEK	636.335152	910.462872	y8	5781
Holo_PK_5_R2	Myoglobin	LFTGHPETLEK	636.335152	910.462872	y8	8644
Apo_PK_5_R2	Myoglobin	LFTGHPETLEK	636.335152	910.462872	y8	16216
Holo_Control	Myoglobin	LFTGHPETLEK	636.335152	910.462872	y8	5660
Apo_Control	Myoglobin	LFTGHPETLEK	636.335152	910.462872	y8	4864
Holo_PK_5	Myoglobin	LFTGHPETLEK	636.335152	910.462872	y8	8369
Apo_PK_5	Myoglobin	LFTGHPETLEK	636.335152	910.462872	y8	16129
Holo_Control_R3 (2)	Myoglobin	LFTGHPETLEK	636.335152	910.462872	y8	2465
Apo_Control_R3	Myoglobin	LFTGHPETLEK	636.335152	910.462872	y8	1571
Holo_PK_5_R3	Myoglobin	LFTGHPETLEK	636.335152	910.462872	y8	2607
Apo_PK_5_R3	Myoglobin	LFTGHPETLEK	636.335152	910.462872	y8	6523
Holo_Control_R2 (2)	Myoglobin	LFTGHPETLEK	636.335152	716.382496	y6	33338
Apo_Control_R2 (2)	Myoglobin	LFTGHPETLEK	636.335152	716.382496	y6	33684
Holo_PK_5_R2	Myoglobin	LFTGHPETLEK	636.335152	716.382496	y6	55995
Apo_PK_5_R2	Myoglobin	LFTGHPETLEK	636.335152	716.382496	y6	101510
Holo_Control	Myoglobin	LFTGHPETLEK	636.335152	716.382496	y6	37571
Apo_Control	Myoglobin	LFTGHPETLEK	636.335152	716.382496	y6	31007
Holo_PK_5	Myoglobin	LFTGHPETLEK	636.335152	716.382496	y6	51968
Apo_PK_5	Myoglobin	LFTGHPETLEK	636.335152	716.382496	y6	97778
Holo_Control_R3 (2)	Myoglobin	LFTGHPETLEK	636.335152	716.382496	y6	15311
Apo_Control_R3	Myoglobin	LFTGHPETLEK	636.335152	716.382496	y6	10139
Holo_PK_5_R3	Myoglobin	LFTGHPETLEK	636.335152	716.382496	y6	16927
Apo_PK_5_R3	Myoglobin	LFTGHPETLEK	636.335152	716.382496	y6	42512
Holo_Control_R2 (2)	Myoglobin	VEADIAGHGQEVLIR	536.289766	1008.558504	y9	26654
Apo_Control_R2 (2)	Myoglobin	VEADIAGHGQEVLIR	536.289766	1008.558504	y9	20292
Holo_PK_5_R2	Myoglobin	VEADIAGHGQEVLIR	536.289766	1008.558504	y9	48740
Apo_PK_5_R2	Myoglobin	VEADIAGHGQEVLIR	536.289766	1008.558504	y9	53304
Holo_Control	Myoglobin	VEADIAGHGQEVLIR	536.289766	1008.558504	y9	29916
Apo_Control	Myoglobin	VEADIAGHGQEVLIR	536.289766	1008.558504	y9	18315
Holo_PK_5	Myoglobin	VEADIAGHGQEVLIR	536.289766	1008.558504	y9	38594
Apo_PK_5	Myoglobin	VEADIAGHGQEVLIR	536.289766	1008.558504	y9	63338
Holo_Control_R3 (2)	Myoglobin	VEADIAGHGQEVLIR	536.289766	1008.558504	y9	12493
Apo_Control_R3	Myoglobin	VEADIAGHGQEVLIR	536.289766	1008.558504	y9	9691
Holo_PK_5_R3	Myoglobin	VEADIAGHGQEVLIR	536.289766	1008.558504	y9	20152
Apo_PK_5_R3	Myoglobin	VEADIAGHGQEVLIR	536.289766	1008.558504	y9	27440
Holo_Control_R2 (2)	Myoglobin	VEADIAGHGQEVLIR	536.289766	951.53704	y8	13630
Apo_Control_R2 (2)	Myoglobin	VEADIAGHGQEVLIR	536.289766	951.53704	y8	10679
Holo_PK_5_R2	Myoglobin	VEADIAGHGQEVLIR	536.289766	951.53704	y8	25183
Apo_PK_5_R2	Myoglobin	VEADIAGHGQEVLIR	536.289766	951.53704	y8	27298
Holo_Control	Myoglobin	VEADIAGHGQEVLIR	536.289766	951.53704	y8	14978
Apo_Control	Myoglobin	VEADIAGHGQEVLIR	536.289766	951.53704	y8	9510
Holo_PK_5	Myoglobin	VEADIAGHGQEVLIR	536.289766	951.53704	y8	20377
Apo_PK_5	Myoglobin	VEADIAGHGQEVLIR	536.289766	951.53704	y8	31855
Holo_Control_R3 (2)	Myoglobin	VEADIAGHGQEVLIR	536.289766	951.53704	y8	6735
Apo_Control_R3	Myoglobin	VEADIAGHGQEVLIR	536.289766	951.53704	y8	4659
Holo_PK_5_R3	Myoglobin	VEADIAGHGQEVLIR	536.289766	951.53704	y8	10164
Apo_PK_5_R3	Myoglobin	VEADIAGHGQEVLIR	536.289766	951.53704	y8	14100
Holo_Control_R2 (2)	Myoglobin	VEADIAGHGQEVLIR	536.289766	814.478128	y7	88682
Apo_Control_R2 (2)	Myoglobin	VEADIAGHGQEVLIR	536.289766	814.478128	y7	66393
Holo_PK_5_R2	Myoglobin	VEADIAGHGQEVLIR	536.289766	814.478128	y7	154766
Apo_PK_5_R2	Myoglobin	VEADIAGHGQEVLIR	536.289766	814.478128	y7	178073
Holo_Control	Myoglobin	VEADIAGHGQEVLIR	536.289766	814.478128	y7	96263
Apo_Control	Myoglobin	VEADIAGHGQEVLIR	536.289766	814.478128	y7	60605
Holo_PK_5	Myoglobin	VEADIAGHGQEVLIR	536.289766	814.478128	y7	122347
Apo_PK_5	Myoglobin	VEADIAGHGQEVLIR	536.289766	814.478128	y7	193447
Holo_Control_R3 (2)	Myoglobin	VEADIAGHGQEVLIR	536.289766	814.478128	y7	44975
Apo_Control_R3	Myoglobin	VEADIAGHGQEVLIR	536.289766	814.478128	y7	30457
Holo_PK_5_R3	Myoglobin	VEADIAGHGQEVLIR	536.289766	814.478128	y7	59638
Apo_PK_5_R3	Myoglobin	VEADIAGHGQEVLIR	536.289766	814.478128	y7	83835
Holo_Control_R2 (2)	Myoglobin	VEADIAGHGQEVLIR	536.289766	500.355494	y4	20614
Apo_Control_R2 (2)	Myoglobin	VEADIAGHGQEVLIR	536.289766	500.355494	y4	15439
Holo_PK_5_R2	Myoglobin	VEADIAGHGQEVLIR	536.289766	500.355494	y4	35640
Apo_PK_5_R2	Myoglobin	VEADIAGHGQEVLIR	536.289766	500.355494	y4	42289
Holo_Control	Myoglobin	VEADIAGHGQEVLIR	536.289766	500.355494	y4	22292
Apo_Control	Myoglobin	VEADIAGHGQEVLIR	536.289766	500.355494	y4	13726
Holo_PK_5	Myoglobin	VEADIAGHGQEVLIR	536.289766	500.355494	y4	28560
Apo_PK_5	Myoglobin	VEADIAGHGQEVLIR	536.289766	500.355494	y4	43555
Holo_Control_R3 (2)	Myoglobin	VEADIAGHGQEVLIR	536.289766	500.355494	y4	10447
Apo_Control_R3	Myoglobin	VEADIAGHGQEVLIR	536.289766	500.355494	y4	7465
Holo_PK_5_R3	Myoglobin	VEADIAGHGQEVLIR	536.289766	500.355494	y4	14978
Apo_PK_5_R3	Myoglobin	VEADIAGHGQEVLIR	536.289766	500.355494	y4	21710
Holo_Control_R2 (2)	Myoglobin	VEADIAGHGQEVLIR	536.289766	401.28708	y3	20735
Apo_Control_R2 (2)	Myoglobin	VEADIAGHGQEVLIR	536.289766	401.28708	y3	16229
Holo_PK_5_R2	Myoglobin	VEADIAGHGQEVLIR	536.289766	401.28708	y3	35208
Apo_PK_5_R2	Myoglobin	VEADIAGHGQEVLIR	536.289766	401.28708	y3	41227
Holo_Control	Myoglobin	VEADIAGHGQEVLIR	536.289766	401.28708	y3	22583
Apo_Control	Myoglobin	VEADIAGHGQEVLIR	536.289766	401.28708	y3	13722
Holo_PK_5	Myoglobin	VEADIAGHGQEVLIR	536.289766	401.28708	y3	28181
Apo_PK_5	Myoglobin	VEADIAGHGQEVLIR	536.289766	401.28708	y3	43995
Holo_Control_R3 (2)	Myoglobin	VEADIAGHGQEVLIR	536.289766	401.28708	y3	9524
Apo_Control_R3	Myoglobin	VEADIAGHGQEVLIR	536.289766	401.28708	y3	7406
Holo_PK_5_R3	Myoglobin	VEADIAGHGQEVLIR	536.289766	401.28708	y3	14802
Apo_PK_5_R3	Myoglobin	VEADIAGHGQEVLIR	536.289766	401.28708	y3	21629
Holo_Control_R2 (2)	Myoglobin	YLEFISDAIIHVLHSK	629.012121	946.583262	y8	10092
Apo_Control_R2 (2)	Myoglobin	YLEFISDAIIHVLHSK	629.012121	946.583262	y8	9062
Holo_PK_5_R2	Myoglobin	YLEFISDAIIHVLHSK	629.012121	946.583262	y8	8994
Apo_PK_5_R2	Myoglobin	YLEFISDAIIHVLHSK	629.012121	946.583262	y8	10797
Holo_Control	Myoglobin	YLEFISDAIIHVLHSK	629.012121	946.583262	y8	11132
Apo_Control	Myoglobin	YLEFISDAIIHVLHSK	629.012121	946.583262	y8	9548
Holo_PK_5	Myoglobin	YLEFISDAIIHVLHSK	629.012121	946.583262	y8	8698
Apo_PK_5	Myoglobin	YLEFISDAIIHVLHSK	629.012121	946.583262	y8	10476
Holo_Control_R3 (2)	Myoglobin	YLEFISDAIIHVLHSK	629.012121	946.583262	y8	3240
Apo_Control_R3	Myoglobin	YLEFISDAIIHVLHSK	629.012121	946.583262	y8	3318
Holo_PK_5_R3	Myoglobin	YLEFISDAIIHVLHSK	629.012121	946.583262	y8	2496
Apo_PK_5_R3	Myoglobin	YLEFISDAIIHVLHSK	629.012121	946.583262	y8	2411
Holo_Control_R2 (2)	Myoglobin	YLEFISDAIIHVLHSK	629.012121	484.287808	y4	406
Apo_Control_R2 (2)	Myoglobin	YLEFISDAIIHVLHSK	629.012121	484.287808	y4	445
Holo_PK_5_R2	Myoglobin	YLEFISDAIIHVLHSK	629.012121	484.287808	y4	430
Apo_PK_5_R2	Myoglobin	YLEFISDAIIHVLHSK	629.012121	484.287808	y4	#N/A
Holo_Control	Myoglobin	YLEFISDAIIHVLHSK	629.012121	484.287808	y4	532
Apo_Control	Myoglobin	YLEFISDAIIHVLHSK	629.012121	484.287808	y4	#N/A
Holo_PK_5	Myoglobin	YLEFISDAIIHVLHSK	629.012121	484.287808	y4	#N/A
Apo_PK_5	Myoglobin	YLEFISDAIIHVLHSK	629.012121	484.287808	y4	416
Holo_Control_R3 (2)	Myoglobin	YLEFISDAIIHVLHSK	629.012121	484.287808	y4	226
Apo_Control_R3	Myoglobin	YLEFISDAIIHVLHSK	629.012121	484.287808	y4	206
Holo_PK_5_R3	Myoglobin	YLEFISDAIIHVLHSK	629.012121	484.287808	y4	244
Apo_PK_5_R3	Myoglobin	YLEFISDAIIHVLHSK	629.012121	484.287808	y4	271
Holo_Control_R2 (2)	Myoglobin	YLEFISDAIIHVLHSK	629.012121	371.203744	y3	2218
Apo_Control_R2 (2)	Myoglobin	YLEFISDAIIHVLHSK	629.012121	371.203744	y3	2151
Holo_PK_5_R2	Myoglobin	YLEFISDAIIHVLHSK	629.012121	371.203744	y3	2499
Apo_PK_5_R2	Myoglobin	YLEFISDAIIHVLHSK	629.012121	371.203744	y3	2273
Holo_Control	Myoglobin	YLEFISDAIIHVLHSK	629.012121	371.203744	y3	2424
Apo_Control	Myoglobin	YLEFISDAIIHVLHSK	629.012121	371.203744	y3	2163
Holo_PK_5	Myoglobin	YLEFISDAIIHVLHSK	629.012121	371.203744	y3	2174
Apo_PK_5	Myoglobin	YLEFISDAIIHVLHSK	629.012121	371.203744	y3	2584
Holo_Control_R3 (2)	Myoglobin	YLEFISDAIIHVLHSK	629.012121	371.203744	y3	898
Apo_Control_R3	Myoglobin	YLEFISDAIIHVLHSK	629.012121	371.203744	y3	1035
Holo_PK_5_R3	Myoglobin	YLEFISDAIIHVLHSK	629.012121	371.203744	y3	946
Apo_PK_5_R3	Myoglobin	YLEFISDAIIHVLHSK	629.012121	371.203744	y3	1084
Holo_Control_R2 (2)	Myoglobin	GHHEAELKPL	377.536612	670.413403	y6	162
Apo_Control_R2 (2)	Myoglobin	GHHEAELKPL	377.536612	670.413403	y6	292
Holo_PK_5_R2	Myoglobin	GHHEAELKPL	377.536612	670.413403	y6	#N/A
Apo_PK_5_R2	Myoglobin	GHHEAELKPL	377.536612	670.413403	y6	339
Holo_Control	Myoglobin	GHHEAELKPL	377.536612	670.413403	y6	148
Apo_Control	Myoglobin	GHHEAELKPL	377.536612	670.413403	y6	177
Holo_PK_5	Myoglobin	GHHEAELKPL	377.536612	670.413403	y6	162
Apo_PK_5	Myoglobin	GHHEAELKPL	377.536612	670.413403	y6	407
Holo_Control_R3 (2)	Myoglobin	GHHEAELKPL	377.536612	670.413403	y6	116
Apo_Control_R3	Myoglobin	GHHEAELKPL	377.536612	670.413403	y6	159
Holo_PK_5_R3	Myoglobin	GHHEAELKPL	377.536612	670.413403	y6	69
Apo_PK_5_R3	Myoglobin	GHHEAELKPL	377.536612	670.413403	y6	274
Holo_Control_R2 (2)	Myoglobin	GHHEAELKPL	377.536612	599.376289	y5	293
Apo_Control_R2 (2)	Myoglobin	GHHEAELKPL	377.536612	599.376289	y5	370
Holo_PK_5_R2	Myoglobin	GHHEAELKPL	377.536612	599.376289	y5	357
Apo_PK_5_R2	Myoglobin	GHHEAELKPL	377.536612	599.376289	y5	1725
Holo_Control	Myoglobin	GHHEAELKPL	377.536612	599.376289	y5	243
Apo_Control	Myoglobin	GHHEAELKPL	377.536612	599.376289	y5	347
Holo_PK_5	Myoglobin	GHHEAELKPL	377.536612	599.376289	y5	343
Apo_PK_5	Myoglobin	GHHEAELKPL	377.536612	599.376289	y5	2549
Holo_Control_R3 (2)	Myoglobin	GHHEAELKPL	377.536612	599.376289	y5	164
Apo_Control_R3	Myoglobin	GHHEAELKPL	377.536612	599.376289	y5	472
Holo_PK_5_R3	Myoglobin	GHHEAELKPL	377.536612	599.376289	y5	163
Apo_PK_5_R3	Myoglobin	GHHEAELKPL	377.536612	599.376289	y5	974
Holo_Control_R2 (2)	Myoglobin	GHHEAELKPL	377.536612	470.333696	y4	309
Apo_Control_R2 (2)	Myoglobin	GHHEAELKPL	377.536612	470.333696	y4	669
Holo_PK_5_R2	Myoglobin	GHHEAELKPL	377.536612	470.333696	y4	1000
Apo_PK_5_R2	Myoglobin	GHHEAELKPL	377.536612	470.333696	y4	4722
Holo_Control	Myoglobin	GHHEAELKPL	377.536612	470.333696	y4	221
Apo_Control	Myoglobin	GHHEAELKPL	377.536612	470.333696	y4	881
Holo_PK_5	Myoglobin	GHHEAELKPL	377.536612	470.333696	y4	777
Apo_PK_5	Myoglobin	GHHEAELKPL	377.536612	470.333696	y4	6294
Holo_Control_R3 (2)	Myoglobin	GHHEAELKPL	377.536612	470.333696	y4	579
Apo_Control_R3	Myoglobin	GHHEAELKPL	377.536612	470.333696	y4	497
Holo_PK_5_R3	Myoglobin	GHHEAELKPL	377.536612	470.333696	y4	400
Apo_PK_5_R3	Myoglobin	GHHEAELKPL	377.536612	470.333696	y4	2370
Holo_Control_R2 (2)	Myoglobin	GHHEAELKPL	377.536612	357.249632	y3	1290
Apo_Control_R2 (2)	Myoglobin	GHHEAELKPL	377.536612	357.249632	y3	3805
Holo_PK_5_R2	Myoglobin	GHHEAELKPL	377.536612	357.249632	y3	4331
Apo_PK_5_R2	Myoglobin	GHHEAELKPL	377.536612	357.249632	y3	19878
Holo_Control	Myoglobin	GHHEAELKPL	377.536612	357.249632	y3	1078
Apo_Control	Myoglobin	GHHEAELKPL	377.536612	357.249632	y3	3055
Holo_PK_5	Myoglobin	GHHEAELKPL	377.536612	357.249632	y3	3020
Apo_PK_5	Myoglobin	GHHEAELKPL	377.536612	357.249632	y3	28450
Holo_Control_R3 (2)	Myoglobin	GHHEAELKPL	377.536612	357.249632	y3	620
Apo_Control_R3	Myoglobin	GHHEAELKPL	377.536612	357.249632	y3	472
Holo_PK_5_R3	Myoglobin	GHHEAELKPL	377.536612	357.249632	y3	494
Apo_PK_5_R3	Myoglobin	GHHEAELKPL	377.536612	357.249632	y3	8988
Holo_Control_R2 (2)	Myoglobin	GHHEAELKPLAQ	443.901842	798.47198	y7	71
Apo_Control_R2 (2)	Myoglobin	GHHEAELKPLAQ	443.901842	798.47198	y7	124
Holo_PK_5_R2	Myoglobin	GHHEAELKPLAQ	443.901842	798.47198	y7	43
Apo_PK_5_R2	Myoglobin	GHHEAELKPLAQ	443.901842	798.47198	y7	537
Holo_Control	Myoglobin	GHHEAELKPLAQ	443.901842	798.47198	y7	73
Apo_Control	Myoglobin	GHHEAELKPLAQ	443.901842	798.47198	y7	146
Holo_PK_5	Myoglobin	GHHEAELKPLAQ	443.901842	798.47198	y7	119
Apo_PK_5	Myoglobin	GHHEAELKPLAQ	443.901842	798.47198	y7	438
Holo_Control_R3 (2)	Myoglobin	GHHEAELKPLAQ	443.901842	798.47198	y7	34
Apo_Control_R3	Myoglobin	GHHEAELKPLAQ	443.901842	798.47198	y7	60
Holo_PK_5_R3	Myoglobin	GHHEAELKPLAQ	443.901842	798.47198	y7	57
Apo_PK_5_R3	Myoglobin	GHHEAELKPLAQ	443.901842	798.47198	y7	142
Holo_Control_R2 (2)	Myoglobin	GHHEAELKPLAQ	443.901842	669.429387	y6	107
Apo_Control_R2 (2)	Myoglobin	GHHEAELKPLAQ	443.901842	669.429387	y6	276
Holo_PK_5_R2	Myoglobin	GHHEAELKPLAQ	443.901842	669.429387	y6	161
Apo_PK_5_R2	Myoglobin	GHHEAELKPLAQ	443.901842	669.429387	y6	3263
Holo_Control	Myoglobin	GHHEAELKPLAQ	443.901842	669.429387	y6	97
Apo_Control	Myoglobin	GHHEAELKPLAQ	443.901842	669.429387	y6	265
Holo_PK_5	Myoglobin	GHHEAELKPLAQ	443.901842	669.429387	y6	256
Apo_PK_5	Myoglobin	GHHEAELKPLAQ	443.901842	669.429387	y6	3384
Holo_Control_R3 (2)	Myoglobin	GHHEAELKPLAQ	443.901842	669.429387	y6	117
Apo_Control_R3	Myoglobin	GHHEAELKPLAQ	443.901842	669.429387	y6	164
Holo_PK_5_R3	Myoglobin	GHHEAELKPLAQ	443.901842	669.429387	y6	170
Apo_PK_5_R3	Myoglobin	GHHEAELKPLAQ	443.901842	669.429387	y6	882
Holo_Control_R2 (2)	Myoglobin	GHHEAELKPLAQ	443.901842	556.345323	y5	605
Apo_Control_R2 (2)	Myoglobin	GHHEAELKPLAQ	443.901842	556.345323	y5	593
Holo_PK_5_R2	Myoglobin	GHHEAELKPLAQ	443.901842	556.345323	y5	539
Apo_PK_5_R2	Myoglobin	GHHEAELKPLAQ	443.901842	556.345323	y5	11131
Holo_Control	Myoglobin	GHHEAELKPLAQ	443.901842	556.345323	y5	515
Apo_Control	Myoglobin	GHHEAELKPLAQ	443.901842	556.345323	y5	521
Holo_PK_5	Myoglobin	GHHEAELKPLAQ	443.901842	556.345323	y5	571
Apo_PK_5	Myoglobin	GHHEAELKPLAQ	443.901842	556.345323	y5	11627
Holo_Control_R3 (2)	Myoglobin	GHHEAELKPLAQ	443.901842	556.345323	y5	253
Apo_Control_R3	Myoglobin	GHHEAELKPLAQ	443.901842	556.345323	y5	496
Holo_PK_5_R3	Myoglobin	GHHEAELKPLAQ	443.901842	556.345323	y5	331
Apo_PK_5_R3	Myoglobin	GHHEAELKPLAQ	443.901842	556.345323	y5	2951
Holo_Control_R2 (2)	Myoglobin	GHHEAELKPLAQ	443.901842	428.25036	y4	322
Apo_Control_R2 (2)	Myoglobin	GHHEAELKPLAQ	443.901842	428.25036	y4	237
Holo_PK_5_R2	Myoglobin	GHHEAELKPLAQ	443.901842	428.25036	y4	517
Apo_PK_5_R2	Myoglobin	GHHEAELKPLAQ	443.901842	428.25036	y4	17236
Holo_Control	Myoglobin	GHHEAELKPLAQ	443.901842	428.25036	y4	261
Apo_Control	Myoglobin	GHHEAELKPLAQ	443.901842	428.25036	y4	259
Holo_PK_5	Myoglobin	GHHEAELKPLAQ	443.901842	428.25036	y4	495
Apo_PK_5	Myoglobin	GHHEAELKPLAQ	443.901842	428.25036	y4	19475
Holo_Control_R3 (2)	Myoglobin	GHHEAELKPLAQ	443.901842	428.25036	y4	221
Apo_Control_R3	Myoglobin	GHHEAELKPLAQ	443.901842	428.25036	y4	217
Holo_PK_5_R3	Myoglobin	GHHEAELKPLAQ	443.901842	428.25036	y4	224
Apo_PK_5_R3	Myoglobin	GHHEAELKPLAQ	443.901842	428.25036	y4	5102
